Horse,Type,Part,Link
1, 15 - male ,lower right,https://www.dropbox.com/s/crzdd7bwobuvlvo/1.wav
1, 15 - male ,upper right,https://www.dropbox.com/s/0ov4a1cwo0c5psg/2.wav
1, 15 - male ,mid right,https://www.dropbox.com/s/eyu9nwihmvw2iux/3.wav
1, 15 - male ,lower left,https://www.dropbox.com/s/oyqwoq4t5sx9os2/4.wav
1, 15 - male ,upper left,https://www.dropbox.com/s/80hywu98uce7dpu/6.wav
1, 15 - male ,mid left,https://www.dropbox.com/s/mcgfwh4gkfd99g6/7.wav
2, 4 - female ,lower right,https://www.dropbox.com/s/3g4wemajjnaneka/1.wav
2, 4 - female ,upper right,https://www.dropbox.com/s/xqmel1pp2wikxm1/2.wav
2, 4 - female ,mid right,https://www.dropbox.com/s/ljvuwyrmnzeoty5/3.wav
2, 4 - female ,lower left,https://www.dropbox.com/s/kejdiwvqdn7sv77/4.wav
2, 4 - female ,upper left,https://www.dropbox.com/s/sc0i685pfisuik3/5.wav
2, 4 - female ,mid left,https://www.dropbox.com/s/eowf9oj7zl8wn4u/6.wav
3, 8 - female ,lower left,https://www.dropbox.com/s/36hx3r2hwatueoe/7.wav
3, 8 - female ,upper left,https://www.dropbox.com/s/c2mceq21zuokni1/8.wav
3, 8 - female ,lower right,https://www.dropbox.com/s/49uhkhl2cgfu3xr/9.wav
3, 8 - female ,upper right,https://www.dropbox.com/s/vusnz42go74w1xy/10.wav
3, 8 - female ,mid right,https://www.dropbox.com/s/j0okmi9rzn0vl7k/11.wav